{
  "height": 59,
  "width": 114,
  "x": 287.5500183105469,
  "y": 241.40000915527344
}