{
  "height": 27,
  "width": 67,
  "x": 576.03125,
  "y": 1213.9937255978584
}